title,developer,publisher,year,hidden
"3-D WorldRunner
The 3-D Battles of WorldRunner",Square,"Acclaim Entertainment
Square",1987,false
8 Eyes,Thinking Rabbit,"SETA (JP)
Taxan (NA)",1990,false
10-Yard Fight,Tose,"Irem (JP)
Nintendo (NA/PAL)",1985,false
720°,Beam Software,Mindscape,1989,false
1942,Micronics,Capcom,1986,false
"1943: The Battle of Midway
1943: The Battle of Valhalla (JP)",Capcom,Capcom,1988,false
"A Boy and His Blob: Trouble on Blobolonia
Fushigi na Blobby (JP)",Imagineering,"Jaleco (JP)
Absolute Entertainment (NA)
Nintendo (PAL)",1990,false
A Nightmare on Elm Street,Rare,LJN,1990,false
Abadox: The Deadly Inner War,Natsume,"Natsume (JP)
Milton Bradley Company (NA)",1990,false
Advanced Dungeons & Dragons: DragonStrike,Westwood Associates,FCI,1992,false
Advanced Dungeons & Dragons: Heroes of the Lance,Natsume,"Pony Canyon (JP)
FCI (NA)",1991,false
Advanced Dungeons & Dragons: Hillsfar,Crosstalk,"Pony Canyon (JP)
FCI (NA)",1993,false
Advanced Dungeons & Dragons: Pool of Radiance,"Marionette
SRS","Pony Canyon (JP)
FCI (NA)",1992,false
"Adventure Island 3
Takahashi Meijin no Boken Jima III (JP)",Now Production,Hudson Soft,1992,false
"Adventure Island II
Takahashi Meijin no Boken Jima II (JP)
The Adventure Island Part II (PAL)",Now Production,Hudson Soft,1991,false
Adventures in the Magic Kingdom,Capcom,Capcom,1990,false
"Adventures of Dino Riki
Shinjinrui (JP)",Hudson Soft,"Rix Soft (JP)
Hudson Soft (NA)",1989,false
Adventures of Lolo,HAL Laboratory,HAL Laboratory,1989,false
"Adventures of Lolo 2
Adventures of Lolo (JP)",HAL Laboratory,"HAL Laboratory (JP/PAL)
HAL America (NA)",1990,false
"Adventures of Lolo 3
Adventures of Lolo 2 (JP)",HAL Laboratory,"HAL Laboratory (JP/PAL)
HAL America (NA)",1991,false
"Adventures of Tom Sawyer
Tom Sawyer no Bōken (JP)",Winkysoft,SETA,1989,false
Air Fortress,HAL Laboratory,"HAL Laboratory (JP/PAL)
HAL America (NA)",1989,false
Airwolf,Beam Software,Acclaim Entertainment,1989,false
"Al Unser Jr.'s Turbo Racing
World Grand-Prix - Pole To Finish (JP)
Turbo Racing (PAL)",Data East,Data East,1990,false
"Alex Demeo's Race America
Corvette ZR-1 Challenge (PAL)",Imagineering,"Absolute Entertainment (NA)
Milton Bradley Company (PAL)",1992,false
Alfred Chicken,Twilight,Mindscape,1994,false
Alien 3,Probe Software,LJN,1993,false
"All-Pro Basketball
Zenbei!! Pro Basketball (JP)",Aicom,Vic Tokai,1989,false
"Alpha Mission
ASO: Armored Scrum Object (JP)",SNK,SNK,1987,false
"Amagon
Totsuzen! Macho Man (JP)",Aicom,"Vic Tokai (JP)
American Sammy (NA)",1989,false
American Gladiators,Incredible Technologies,GameTek,1991,false
Anticipation,Rare,Nintendo,1988,false
Arch Rivals,Rare,Acclaim Entertainment,1990,false
Archon,Bullet-Proof Software,Activision,1989,false
Arkanoid,Taito,Taito,1987,false
Arkista's Ring,NMK,American Sammy,1990,false
"Astyanax
Lord of King (JP)",Aicom,Jaleco,1990,false
Athena,Micronics,SNK,1987,false
"Athletic World
Family Trainer: Athletic World (JP)",Human Entertainment,"Bandai (JP/NA)
Nintendo (PAL)",1987,false
Attack of the Killer Tomatoes,Imagineering,THQ,1992,false
Back to the Future,Beam Software,LJN,1989,false
Back to the Future Part II & III,Beam Software,LJN,1990,false
"Bad Dudes
Dragon Ninja (JP)
Bad Dudes vs. DragonNinja (PAL)",Data East,"Namco (JP)
Data East (NA)
Ocean Software (PAL)",1989,false
"Bad News Baseball
Gekitou!! Stadium (JP)",Tecmo,Tecmo,1990,false
Bad Street Brawler,Beam Software,Mattel,1989,false
Balloon Fight,"Nintendo R&D1
HAL Laboratory",Nintendo,1986,false
Bandai Golf: Challenge Pebble Beach,Tose,Bandai,1989,false
"Bandit Kings of Ancient China
Suikoden: Tenmei no Chikai (JP)",Koei,Koei,1990,false
Barbie,Imagineering,Hi Tech Expressions,1991,false
Bard's Tale: Tales of the Unknown,Atelier Double,"Pony Canyon (JP)
FCIUS",1991,false
Barker Bill's Trick Shooting,Nintendo R&D1,Nintendo,1990,false
Base Wars,Konami,Ultra Games,1991,false
Baseball,Nintendo R&D1,Nintendo,1985,false
"Baseball Simulator 1.000
Choujin Ultra Baseball (JP)",Culture Brain,Culture Brain,1990,false
"Baseball Stars
Baseball Stars: Mezase Sankanou!! (JP)",SNK,SNK,1989,false
Baseball Stars 2,Pixel,Romstar,1992,false
"Bases Loaded
Moero!! Pro Yakyuu (JP)",Tose,Jaleco,1988,false
"Bases Loaded 3
Moero!! Pro Yakyuu '90: Kandouhen (JP)",Tose,Jaleco,1991,false
"Bases Loaded 4
Moe-Pro! Saikyou Hen (JP)",Tose,Jaleco,1993,false
"Bases Loaded II: Second Season
Moero!! Pro Yakyuu '88 (JP)",Tose,Jaleco,1990,false
Batman Returns,Konami,Konami,1993,false
"Batman: Return of the Joker
Dynamite Batman (JP)",Sunsoft,Sunsoft,1991,false
Batman: The Video Game,Sunsoft,Sunsoft,1990,false
Battle Chess,Beam Software,Data East,1990,false
Battle Tank,Imagineering,Absolute Entertainment,1990,false
Battleship,Mindscape,Mindscape,1993,false
Battletoads,Rare,Tradewest,1991,false
Battletoads/Double Dragon,Rare,"Tradewest (NA)
Nintendo (PAL)",1993,false
Beetlejuice,Rare,LJN,1991,false
Best of the Best: Championship Karate,Movie Software,"Electro Brain (NA)
Loriciel (PAL)",1992,false
Bigfoot,Beam Software,Acclaim Entertainment,1990,false
Bill & Ted's Excellent Video Game Adventure,Rocket Science Productions,LJN,1991,false
Bill Elliott's NASCAR Challenge,Distinctive Software,Konami,1991,false
"Bionic Commando
Hitler no Fukkatsu: Top Secret (JP)",Capcom,Capcom,1988,false
Blades of Steel,Konami,Konami,1988,false
"Blaster Master
Chou-Wakusei Senki MetaFight (JP)",Sunsoft,Sunsoft,1988,false
Bo Jackson Baseball,Beam Software,Data East,1991,false
Bomberman,Hudson Soft,Hudson Soft,1989,false
"Bomberman II
Dynablaster (PAL)",Hudson Soft,Hudson Soft,1993,false
"Bonk's Adventure
FC Genjin (JP)",AI,Hudson Soft,1994,false
Boulder Dash,"Data East
Sakata SAS","Data East (JP)
JVC Musical Industries (NA)
Nintendo (PAL)",1990,false
Bram Stoker's Dracula,Probe Software,Sony Imagesoft,1993,false
Break Time: The National Pool Tour,Opera House,FCI,1993,false
BreakThru,Data East,Data East,1987,false
Bubble Bobble,Taito,Taito,1988,false
"Bubble Bobble Part 2
Bubble Bobble 2 (JP)","OLM
I.T.L",Taito,1993,false
Bucky O'Hare,Konami,"Konami (JP/NA)
Palcom Software (PAL)",1992,false
Bump 'n' Jump,"Data East
Sakata SAS","Data East (JP)
Vic Tokai (NA)",1988,false
Burai Fighter,KID,"Taito (JP)
Taxan (NA)
Nintendo (PAL)",1990,false
BurgerTime,"Data East
Sakata SAS","Namco (JP)
Data East (NA)",1987,false
Cabal,Zippo Games,Milton Bradley Company,1990,false
Caesars Palace,Realtime Associates,Virgin Games,1992,false
California Games,Rare,Milton Bradley Company,1989,false
"Capcom's Gold Medal Challenge '92
Capcom Barcelona '92 (JP)",Capcom,Capcom,1992,false
Captain America and The Avengers,Data East,Data East,1991,false
Captain Planet and the Planeteers,Chris Gray Enterprises,Mindscape,1991,false
Captain Skyhawk,Rare,"Milton Bradley Company (NA)
Nintendo (PAL)",1990,false
"Casino Kid
$1,000,000 Kid: Maboroshi no Teiou Hen (JP)",SOFEL,SOFEL,1989,false
Casino Kid 2,SOFEL,SOFEL,1993,false
"Castelian
Kyorochan Land (JP)",Bits Studios,"Hiro (JP)
Triffix (NA)
Storm (PAL)",1991,false
"Castle of Dragon
Dragon Unit (JP)",Athena,SETA,1990,false
"Castlequest
Castle Excellent (JP)",ASCII,"ASCII (JP)
Nexoft (NA)",1989,false
"Castlevania
Akumajō Dracula (JP)",Konami,Konami,1987,false
Castlevania II: Simon's Quest,Konami,Konami,1988,false
"Castlevania III: Dracula's Curse
Akumajō Densetsu (JP)",Konami,Konami,1990,false
Caveman Games,Painting by Numbers,Data East,1990,false
Championship Bowling,Athena,"Athena (JP)
Romstar (NA)",1989,false
Championship Pool,Bitmasters,Mindscape,1993,false
"Chip 'n Dale: Rescue Rangers
Chip to Dale no Daisakusen (JP)",Capcom,Capcom,1990,false
"Chip 'n Dale: Rescue Rangers 2
Chip to Dale no Daisakusen 2 (JP)",Capcom,Capcom,1994,false
"Chubby Cherub
Obake no Q Tarou: Wan Wan Panic (JP)",Tose,Bandai,1986,false
"Circus Caper
Moeru! Oniisan (JP)",Advance Communication Company,Toho,1990,false
City Connection,,Jaleco,1988,false
"Clash at Demonhead
Dengeki Big Bang! (JP)",Vic Tokai,Vic Tokai,1990,false
Classic Concentration,Softie,GameTek,1990,false
Cliffhanger,Spidersoft,Sony Imagesoft,1993,false
Clu Clu Land,Nintendo R&D1,Nintendo,1985,false
Cobra Command,Data East,Data East,1988,false
Cobra Triangle,Rare,Nintendo,1989,false
"Code Name: Viper
Ningen Heiki Dead Fox (JP)","Arc System Works
Capcom",Capcom,1990,false
Color a Dinosaur,FarSight Studios,Virgin Games,1993,false
"Commando
Senjo no Ookami (JP)",Capcom,Capcom,1986,false
Conan: The Mysteries of Time,Eastridge Technology,Mindscape,1991,false
Conflict,Vic Tokai,Vic Tokai,1990,false
"Conquest of the Crystal Palace
Matendo Douji (JP)",Quest,"Quest (JP)
Asmik (NA)",1990,false
"Contra
Probotector (PAL)
Gryzor (AUS/EU)",Konami,Konami,1988,false
Contra Force,Konami,Konami,1992,false
Cool World,Ocean Software,Ocean Software,1993,false
"Cowboy Kid
Western Kids (JP)",Pixel,"Visco (JP)
Romstar (NA)",1992,false
"Crash 'n the Boys: Street Challenge
Bikkuri Nekketsu Shin Kiroku! Harukanaru Kin Medal (JP)",Technōs Japan,Technōs Japan,1992,false
"Crystalis
God Slayer: Haruka Tenkū no Sonata (JP)",SNK,SNK,1990,false
Cyberball,Richard Seaborne,Jaleco,1992,false
Cybernoid: The Fighting Machine,Raffaele Cecco,Acclaim Entertainment,1989,false
"Dance Aerobics
Family Trainer: Aerobics Studio (JP)",Human Entertainment,"Bandai (JP)
Nintendo (NA)",1989,false
Danny Sullivan's Indy Heat,Rare,Tradewest,1992,false
Darkman,Painting by Numbers,Ocean Software,1991,false
Darkwing Duck,Capcom,Capcom,1992,false
Dash Galaxy in the Alien Asylum,Beam Software,Data East,1990,false
Day Dreamin' Davey,Sculptured Software,HAL America,1992,false
Days of Thunder,Beam Software,Mindscape,1990,false
"Deadly Towers
Mashou (JP)","Lenar
Tamtex","Irem (JP)
Brøderbund (NA)",1987,false
"Defender II
Stargate (JP)",Vid Kidz,"HAL (JP)
HAL America (NA)",1988,false
Defender of the Crown,Beam Software,"Ultra Games (NA)
Palcom Software (PAL)",1989,false
Defenders of Dynatron City,Lucasfilm Games,JVC Musical Industries,1992,false
"Demon Sword
Fudou Myououden (JP)",Tose,Taito,1990,false
"Desert Commander
Sensha Senryaku: Sabaku no Kitsune (JP)",Kemco,"Kemco (JP)
Kemco*Seika (NA)",1989,false
Destination Earthstar,Imagineering,Acclaim Entertainment,1990,false
"Destiny of an Emperor
Tenchi wo Kurau (JP)",Capcom,Capcom,1990,false
Dick Tracy,Realtime Associates,Bandai,1990,false
Die Hard,Pack-In-Video,"Pack-In-Video (JP)
Activision (NA/PAL)",1992,false
Dig Dug II,Namco,"Namco (JP)
Bandai (NA)",1989,false
Digger T. Rock: Legend of the Lost City,Rare,Milton Bradley Company,1990,false
Dirty Harry,Gray Matter Inc.,Mindscape,1990,false
Donkey Kong,"Nintendo R&D1
Nintendo R&D2",Nintendo,1986,false
Donkey Kong 3,"Nintendo R&D1
Nintendo R&D2",Nintendo,1986,false
Donkey Kong Classics,Nintendo R&D4,Nintendo,1988,true
Donkey Kong Jr.,"Nintendo R&D1
Nintendo R&D2",Nintendo,1986,false
"Donkey Kong Jr. Math
Donkey Kong Jr. no Sansū Asobi (JP)",Nintendo R&D2,Nintendo,1986,false
Double Dare,Rare,GameTek,1990,false
Double Dragon,Technōs Japan,"Technōs Japan (JP)
Tradewest (NA)
Nintendo (PAL)",1988,false
Double Dragon II: The Revenge,Technōs Japan,"Technōs Japan (JP)
Acclaim Entertainment (NA/PAL)",1990,false
"Double Dragon III: The Sacred Stones
Double Dragon III: The Rosetta Stone (JP)",Technōs Japan,"Technōs Japan (JP)
Acclaim Entertainment (NA/PAL)",1991,false
Double Dribble,Konami,Konami,1987,false
Dr. Chaos,"Marionette
SRS",FCI,1988,false
"Dr. Jekyll and Mr. Hyde
Jekyll Hakase no Houma ga Toki (JP)",Advance Communication Company,"Toho (JP)
Bandai (NA)",1989,false
Dr. Mario,Nintendo R&D1,Nintendo,1990,false
Dragon Fighter,Natsume,"Towachiki (JP)
SOFEL (NA)",1992,false
"Dragon Power
Dragon Ball: Shenron no Nazo (JP)
Dragon BallPALDragon Ball: Le Secret du DragonFR",Tose,Bandai,1988,false
"Dragon Spirit: The New Legend
Dragon Spirit: Aratanaru Densetsu (JP)",Now Production,"Namco (JP)
Bandai (NA)",1990,false
"Dragon Warrior
Dragon Quest (JP)",Chunsoft,"Enix (JP)
Nintendo (NA)",1989,false
"Dragon Warrior II
Dragon Quest II: Gods of the Evil Spirits (JP)",Chunsoft,Enix,1990,false
"Dragon Warrior III
Dragon Quest III: And thus into Legend... (JP)",Chunsoft,Enix,1992,false
"Dragon Warrior IV
Dragon Quest IV: The Guided Ones (JP)",Chunsoft,Enix,1992,false
Dragon's Lair,MotiveTime,"Epic/Sony Records (JP)
CSG Imagesoft (NA)
Elite Systems (PAL)",1990,false
Duck Hunt,"Nintendo R&D1
Intelligent Systems",Nintendo,1985,false
"DuckTales
Wanpaku Duck Yume Bouken (JP)",Capcom,Capcom,1989,false
DuckTales 2,Capcom,Capcom,1993,false
Dungeon Magic: Sword of the Elements,Natsume,"Natsume (JP)
Taito (NA)",1990,false
"Dusty Diamond's All-Star Softball
Softball Tengoku (JP)",Tose,"Tonkin House (JP)
Brøderbund (NA)",1990,false
Dynowarz: Destruction of Spondylus,Advance Communication Company,Bandai,1990,false
Déjà Vu,Kemco,"Kemco (JP/PAL)
Kemco*Seika (NA)",1990,false
Eggsplode! (part of Short Order / Eggsplode!),Tose,Nintendo,1989,false
Elevator Action,Micronics,Taito,1987,false
Eliminator Boat Duel,Sculptured Software,"Electro Brain (NA)
Storm (PAL)",1991,false
Excitebike,"Nintendo R&D1
Nintendo R&D4",Nintendo,1985,false
F-15 Strike Eagle,MicroProse,MicroProse,1992,false
F-117A Stealth Fighter,MicroProse,MicroProse,1992,false
Family Feud,Beam Software,GameTek,1991,false
"Faria: A World of Mystery and Danger
Faria Fuuin no Tsurugi (JP)",Game Arts,"Hi-Score Media Work (JP)
Nexoft (NA)",1991,false
Faxanadu,Hudson Soft,"Hudson Soft (JP)
Nintendo (NA)",1989,false
Felix the Cat,Shimada Kikaku,Hudson Soft,1992,false
"Ferrari Grand Prix Challenge
Ferrari (JP)",System 3,"Coconuts Japan (JP)
Acclaim Entertainment (NA/PAL)",1992,false
Fester's Quest,Sunsoft,Sunsoft,1989,false
Final Fantasy,Square,"Square (JP)
Nintendo (NA)",1990,false
"Fire 'n Ice
Solomon no Kagi 2 (JP)
Solomon's Key 2 (PAL)",Tecmo,Tecmo,1993,false
Fisher-Price: Firehouse Rescue,Imagineering,GameTek,1992,false
Fisher-Price: I Can Remember,Beam Software,GameTek,1990,false
Fisher-Price: Perfect Fit,Beam Software,GameTek,1990,false
"Fist of the North Star
Hokuto no Ken 2 (JP)",Shouei System,"Toei Animation (JP)
Taxan (NA)",1989,false
"Flight of the Intruder
Phantom Air Mission (PAL)",Imagineering,"Mindscape (NA)
Activision (PAL)",1991,false
"Flying Dragon: The Secret Scroll
Hiryu no Ken (JP)",Culture Brain,Culture Brain,1989,false
Flying Warriors,Culture Brain,Culture Brain,1991,false
Formula One: Built to Win,Winkysoft,SETA,1990,false
Frankenstein: The Monster Returns,Tose,Bandai,1991,false
Freedom Force,Sunsoft,Sunsoft,1988,false
Friday the 13th,Atlus,LJN,1989,false
Fun House,Realtime Associates,Hi Tech Expressions,1991,false
G.I. Joe: A Real American Hero,KID,Taxan,1991,false
G.I. Joe: The Atlantis Factor,KID,Capcom,1992,false
"Galaga: Demons of Death
Galaga (JP/PAL)",Namco,"Namco (JP)
Bandai (NA/PAL)",1988,false
"Galaxy 5000: Racing in the 51st Century
Galaxy 5000",Activision,Activision,1991,false
"Gargoyle's Quest II: The Demon Darkness
Red Arremer II (JP)",Capcom,Capcom,1992,false
Gauntlet,Tengen,Tengen,1988,false
Gauntlet II,Eastridge Technology,Mindscape,1990,false
"Gemfire
Royal Blood (JP)",Koei,Koei,1992,false
"Genghis Khan
Aoki Ookami to Shiroki Mejika: Genghis Khan (JP)",Koei,Koei,1990,false
George Foreman's KO Boxing,Beam Software,Acclaim Entertainment,1992,false
Ghostbusters,Bits Corporation,"Tokuma Shoten (JP)
Activision (NA)",1988,false
Ghostbusters II,Imagineering,Activision,1990,false
"Ghosts 'n Goblins
Makai-Mura (JP)
Ghost 'n Goblins (PAL)",Micronics,Capcom,1986,false
Ghoul School,Imagineering,Electro Brain,1992,false
"Goal!
Goal !! (JP)
Eric Cantona Football Challenge Goal! 2FR",Tose,Jaleco,1992,false
"Goal!
Moero!! Pro Soccer (JP)",Tose,Jaleco,1989,false
Godzilla 2: War of the Monsters,,Toho,1992,false
"Godzilla: Monster of Monsters
Gojira (JP)",Compile,Toho,1989,false
Golf,"Nintendo R&D2
HAL Laboratory",Nintendo,1985,false
Golf Grand Slam,Tose,"Hect (JP)
Atlus (NA)",1991,false
"Golgo 13: Top Secret Episode
Golgo 13: Kamigami no Koukon (JP)",Vic Tokai,Vic Tokai,1988,false
Gotcha! The Sport!,Atlus,LJN,1987,false
Gradius,Konami,Konami,1986,false
Greg Norman's Golf Power,Gremlin Interactive,Virgin Games,1992,false
Gremlins 2: The New Batch,Sunsoft,Sunsoft,1990,false
"Guerrilla War
Guevara (JP)",SNK,SNK,1989,false
Gumshoe,Nintendo R&D1,Nintendo,1986,false
Gun-Nac,Compile,"Tonkin House (JP)
ASCII (NA)",1991,false
Gun.Smoke,Capcom,Capcom,1988,false
"Gyromite
Robot Gyro (JP)",Nintendo R&D1,Nintendo,1985,false
Gyruss,Konami,Ultra Games,1989,false
Harlem Globetrotters,Softie,GameTek,1991,false
Hatris,Bullet-Proof Software,Bullet-Proof Software,1992,false
Heavy Barrel,Data East,Data East,1990,false
"Heavy Shreddin'
Snowboard Challenge (PAL)",Imagineering,"Parker Brothers (NA)
Activision (PAL)",1990,false
High Speed,Rare,Tradewest,1991,false
Hogan's Alley,"Nintendo R&D1
Intelligent Systems",Nintendo,1985,false
Hollywood Squares,Rare,GameTek,1989,false
Home Alone,Bethesda Softworks,THQ,1991,false
Home Alone 2: Lost in New York,Imagineering,THQ,1992,false
Hook,Painting by Numbers,"Epic/Sony Records (JP)
Sony Imagesoft (NA)
Ocean Software (PAL)",1992,false
"Hoops
Moero!! Junior Basket (JP)",Aicom,Jaleco,1989,false
Hudson Hawk,Special FX,"Epic/Sony Records (JP)
Sony Imagesoft (NA)
Ocean Software (PAL)",1992,false
"Adventure Island
Takahashi Meijin no Boken Jima (JP)
Adventure Island Classic (PAL)
Adventure Island Classic in the Pacific (FR)",Hudson Soft,Hudson Soft,1988,false
"Hydlide
Hydlide Special (JP)",T&E Soft,"Toshiba EMI (JP)
FCI (NA)",1989,false
Ice Climber,Nintendo R&D1,Nintendo,1985,false
Ice Hockey,"Nintendo R&D2
Nintendo R&D4",Nintendo,1988,false
"Ikari III: The Rescue
Ikari III (JP)",Micronics,"K Amusement (JP)
SNK (NA)",1991,false
"Ikari Warriors
Ikari (JP)",Micronics,"K Amusement (JP)
SNK (NA/PAL)",1987,false
"Ikari Warriors II: Victory Road
Ikari II (JP)",Micronics,"K Amusement (JP)
SNK (NA)",1988,false
Image Fight,,Irem,1990,false
Indiana Jones and the Last Crusade,Software Creations,Taito,1991,false
"Indiana Jones and the Last Crusade
Indy: Indiana Jones and the Last Crusade (PAL)",NMS Software,Ubi Soft,1993,false
Indiana Jones and the Temple of Doom,Tengen,Mindscape,1988,false
Infiltrator,Eastridge Technology,Mindscape,1990,false
"Iron Tank: The Invasion of Normandy
Great Tank (JP)",SNK,SNK,1988,false
Ironsword: Wizards & Warriors II,Zippo Games,Acclaim Entertainment,1989,false
"Isolated Warrior
Max Warrior (JP)",KID,"VAP (JP)
NTVIC (NA)
Nintendo (PAL)",1991,false
Ivan 'Ironman' Stewart's Super Off Road,Rare,"Tradewest (NA)
Nintendo (PAL)",1990,false
Jack Nicklaus' Greatest 18 Holes of Major Championship Golf,Sculptured Software,Konami,1990,false
Jackal,Konami,Konami,1988,false
"Jackie Chan's Action Kung Fu
Jackie Chan (JP)",Now Production,Hudson Soft,1990,false
James Bond Jr.,Eurocom,THQ,1992,false
Jaws,Escape/Westone,LJN,1987,false
Jeopardy!,Rare,GameTek,1988,false
Jeopardy! 25th Anniversary Edition,Rare,GameTek,1990,false
Jeopardy! Junior Edition,Rare,GameTek,1989,false
Jimmy Connors Tennis,NMS Software,Ubi Soft,1993,false
"Joe & Mac
Joe & Mac: Caveman Ninja (PAL)",Elite Systems,"Data East (NA)
Elite Systems (PAL)",1992,false
John Elway's Quarterback,Rare,Tradewest,1989,false
Jordan vs. Bird: One on One,Rare,Milton Bradley Company,1989,false
"Journey to Silius
Raf World (JP)",Sunsoft,Sunsoft,1990,false
Joust,HAL Laboratory,"HAL Laboratory (JP)
HAL America (NA)",1988,false
Jurassic Park,Ocean Software,Ocean Software,1993,false
"Kabuki: Quantum Fighter
Jigoku Gokuraku Maru (JP)",Human Entertainment,"Pack-In-Video (JP)
HAL America (NA)
Nintendo (PAL)",1991,false
Karate Champ,"Data East
Sakata SAS",Data East,1986,false
Karnov,"Data East
Sakata SAS","Namco (JP)
Data East (NA)",1988,false
Kick Master,KID,Taito,1992,false
"Kickle Cubicle
Meikyuu Shima (JP)",Irem,"Irem (JP/NA)
Nintendo (PAL)",1990,false
Kid Icarus,"Nintendo R&D1
Tose",Nintendo,1987,false
"Kid Klown in Night Mayor World
Mickey Mouse III: Yume Fuusen (JP)",Kemco,Kemco,1993,false
"Kid Kool
Kakefu Kimi no Jump Tengoku (JP)",Vic Tokai,Vic Tokai,1990,false
"Kid Niki: Radical Ninja
Kaiketsu Yancha Maru (JP)",Tose,"Irem (JP)
Data East (NA)",1987,false
King's Knight,"Square
Workss",Square,1989,false
King's Quest V: Absence Makes the Heart Go Yonder!,Novotrade International,Konami,1992,false
Kings of the Beach,Konami,Ultra Games,1990,false
"Kirby's Adventure
Hoshi no Kirby: Yume no Izumi no Monogatari (JP)",HAL Laboratory,Nintendo,1993,false
"Kiwi Kraze
The NewZealand Story (PAL)",Software Creations,"Taito (NA)
Ocean Software (PAL)",1991,false
KlashBall,The Bitmap Brothers,SOFEL,1991,false
Knight Rider,Pack-In-Video,"Pack-In-Video (JP)
Acclaim Entertainment (NA/PAL)",1989,false
Krusty's Fun House,Audiogenic,Acclaim Entertainment,1992,false
"Kung Fu
Spartan X (JP)",Nintendo,Nintendo,1985,false
"Kung-Fu Heroes
Super Chinese (JP)",Culture Brain,"Namco (JP)
Culture Brain (NA)",1989,false
L'Empereur,Koei,Koei,1991,false
"Laser Invasion
Gun Sight (JP)",Konami,Konami,1991,false
Last Action Hero,Teeny Weeny Games,Sony Imagesoft,1993,false
"Lee Trevino's Fighting Golf
Fighting Golf (JP)",SNK,SNK,1988,false
"Legacy of the Wizard
Dragon Slayer IV: Drasle Family (JP)",Nihon Falcom,"Namco (JP)
Brøderbund (NA)",1989,false
"Legend of the Ghost Lion
White Lion Densetsu (JP)",Kemco,Kemco,1992,false
Legendary Wings,Capcom,Capcom,1988,false
Legends of the Diamond,Tose,Bandai,1992,false
Lemmings,Ocean Software,Sunsoft,1992,false
Lethal Weapon,Eurocom,Ocean Software,1993,false
"Life Force
Salamander (JP)
Life Force Salamander (PAL)",Konami,Konami,1988,false
Little League Baseball: Championship Series,SNK,SNK,1990,false
"Little Nemo: The Dream Master
Pajama Hero Nemo (JP)",Capcom,"Capcom (JP/NA)
Nintendo (PAL)",1990,false
"Little Ninja Brothers
Super Chinese 2 (JP)",Culture Brain,Culture Brain,1991,false
"Little Samson
Seirei Densetsu Lickle (JP)",Takeru,Taito,1992,false
Lode Runner,Hudson Soft,"Hudson Soft (JP)
Brøderbund (NA)",1987,false
Loopz,"Audiogenic
Bits Studios",Mindscape,1990,false
Low G Man: The Low Gravity Man,KID,"Taxan (NA)
Nintendo (PAL)",1990,false
"Lunar Pool
Lunar Ball (JP)",Compile,"Pony Canyon (JP)
FCI (NA/PAL)",1987,false
"M.C. Kids
McDonaldland (PAL)",Virgin Games,"Virgin Games (NA)
Ocean Software (PAL)",1992,false
M.U.L.E.,Eastridge Technology,Mindscape,1990,false
"M.U.S.C.L.E. Tag Team Match
M.U.S.C.L.E.
Kinnikuman: Muscle Tag Match (JP)",Tose,Bandai,1986,false
Mach Rider,HAL Laboratory,Nintendo,1986,false
Mad Max,Eastridge Technology,Mindscape,1990,false
MagMax,Nihon Bussan,"Nihon Bussan (JP)
FCI (NA)",1988,false
Magic Darts,SETA,"SETA (JP)
Romstar (NA)",1991,false
Magic Johnson's Fast Break,Software Creations,Tradewest,1990,false
Magician,Eurocom,Taxan,1991,false
Major League Baseball,Atlus,LJN,1988,false
Maniac Mansion,"LucasArts
Realtime Associates",Jaleco,1990,false
Mappy-Land,Tose,"Namco (JP)
Taxan (NA)",1989,false
Marble Madness,Rare,Milton Bradley Company,1989,false
Mario Bros.,"Nintendo R&D1
Nintendo R&D2
Intelligent Systems",Nintendo,1986,false
Mario Is Missing!,Radical Entertainment,"Software Toolworks (NA)
Mindscape (PAL)",1993,false
Mario's Time Machine,Radical Entertainment,Software Toolworks,1994,false
Mechanized Attack,SNK,SNK,1990,false
"Mega Man
Rockman (JP)",Capcom,Capcom,1987,false
"Mega Man 2
Rockman 2: Dr. Wily no Nazo (JP)",Capcom,Capcom,1989,false
"Mega Man 3
Rockman 3: Dr. Wily no Saigo!? (JP)",Capcom,"Capcom (JP/NA)
Nintendo (PAL)",1990,false
"Mega Man 4
Rockman 4: Aratanaru Yabō!! (JP)",Capcom,"Capcom (JP/NA)
Nintendo (PAL)",1992,false
"Mega Man 5
Rockman 5: Blues no Wana!? (JP)",Capcom,"Capcom (JP/NA)
Nintendo (PAL)",1992,false
"Mega Man 6
Rockman 6: Shijō Saidai no Tatakai!! (JP)",Capcom,"Capcom (JP)
Nintendo (NA)",1994,false
"Mendel Palace
Quinty (JP)",Game Freak,"Namco (JP)
Hudson Soft (NA)",1990,false
Metal Gear,Konami,"Konami (JP/PAL)
Ultra Games (NA)",1988,false
"Metal Mech: Man & Machine
Metal Flame: Psybuster (JP)",Sculptured Software,Jaleco,1991,false
"Metal Storm
Juuryoku Soukou Metal Storm (JP)",Tamtex,Irem,1991,false
Metroid,"Nintendo R&D1
Intelligent Systems",Nintendo,1987,false
"Michael Andretti's World GP
Nakajima Satoru: F-1 Hero (JP)",Human Entertainment,"Varie (JP)
American Sammy (NA)",1990,false
"Mickey Mousecapade
Mickey Mouse: Fushigi no Kuni no Daibōken (JP)",Hudson Soft,"Hudson Soft (JP)
Capcom (NA)",1988,false
Mickey's Adventures in Numberland,Beam Software,Hi Tech Expressions,1994,false
Mickey's Safari in Letterland,Beam Software,Hi Tech Expressions,1993,false
Might and Magic Book One: The Secret of the Inner Sanctum,New World Computing,"Gakken (JP)
American Sammy (NA)",1992,false
Mighty Bomb Jack,Tecmo,Tecmo,1987,false
Mighty Final Fight,Capcom,Capcom,1993,false
"Mike Tyson's Punch-Out!!
Punch-Out!! (JP)",Nintendo R&D3,Nintendo,1987,false
Millipede,HAL Laboratory,"HAL Laboratory (JP)
HAL America (NA)",1988,false
"Milon's Secret Castle
Meikyuu Kumikyoku (JP)",Hudson Soft,Hudson Soft,1988,false
Mission: Impossible,Konami,"Ultra Games (NA)
Palcom Software (PAL)",1990,false
Monopoly,Sculptured Software,"Tomy (JP)
Parker Brothers (NA/PAL)",1991,false
Monster Party,Human Entertainment,Bandai,1989,false
Monster Truck Rally,Realtime Associates,INTV,1991,false
Monster in My Pocket,Konami,"Konami (NA)
Palcom Software (PAL)",1992,false
Motor City Patrol,Source Research & Development,Matchbox,1992,false
Ms. Pac-Man,Now Production,Namco,1993,false
Muppet Adventure: Chaos at the Carnival,Mind's Eye,Hi Tech Expressions,1990,false
Mystery Quest,Carry Lab,Taxan,1989,false
NARC,Rare,Acclaim Entertainment,1990,false
"NES Open Tournament Golf
Mario Open Golf (JP)",Nintendo R&D2,Nintendo,1991,false
NES Play Action Football,Tose,Nintendo,1990,false
NFL,Atlus,LJN,1989,false
Nigel Mansell's World Championship Racing,Gremlin Graphics,"GameTek (NA)
Gremlin Interactive (PAL)",1993,false
Nightshade,Beam Software,Ultra Games,1992,false
Ninja Crusaders,NMK,"Sammy (JP)
American Sammy (NA)",1990,false
"Ninja Gaiden
Ninja Ryūkenden  (JP)
Shadow Warriors (PAL)",Tecmo,Tecmo,1989,false
"Ninja Gaiden II: The Dark Sword of Chaos
Ninja Ryūkenden II: Ankoku no Jashinken (JP)
Shadow Warriors II (PAL)",Tecmo,Tecmo,1990,false
"Ninja Gaiden III: The Ancient Ship of Doom
Ninja Ryūkenden III: Yomi no Hakobune (JP)",Tecmo,Tecmo,1991,false
"Ninja Kid
Gegege no Kitaro: Youkai Daimakyou (JP)",Tose,Bandai,1986,false
"Nintendo World Cup
Nekketsu Koukou Dodgeball-bu Soccer-hen (JP)",Technōs Japan,"Technōs Japan (JP)
Nintendo (NA/PAL)",1990,false
"Nobunaga's Ambition
Nobunaga no Yabou: Zenkokuban (JP)",Koei,Koei,1989,false
"Nobunaga's Ambition II
Nobunaga no Yabou: Sengouku Gunyuuden (JP)",Koei,Koei,1991,false
North & South,Kemco,"Kemco (JP)
Kemco*Seika (NA)
Infogrames (PAL)",1990,false
Operation Wolf,Taito,Taito,1989,false
Orb-3D,Software Toolworks,Hi Tech Expressions,1990,false
"Othello
Family Computer Othello (JP)",HAL Laboratory,"Kawada, Co. Ltd (JP)
Acclaim Entertainment (NA)",1988,false
Overlord,Probe Software,Virgin Games,1993,false
"P.O.W.: Prisoners of War
Datsugoku (JP)",SNK,"K Amusements (JP)
SNK (NA)",1989,false
Pac-Man,Namco,"Namco
Tengen (NA)",1988,false
Palamedes,Natsume,Hot B,1990,false
"Panic Restaurant
Wanpaku Kokkun no Gourmet World (JP)",EIM,Taito,1992,false
Paperboy,Eastridge Technology,"Altron (JP)
Mindscape (NA/PAL)",1988,false
Paperboy 2,Eastridge Technology,Mindscape,1992,false
Peter Pan and the Pirates,Equilibrium,THQ,1991,false
"Phantom Fighter
Reigen Doushi (JP)","Marionette
SRS","Pony Canyon (JP)
FCI (NA)",1990,false
Pictionary,Software Creations,LJN,1990,false
Pin*Bot,Rare,Nintendo,1990,false
Pinball,"Nintendo R&D1
HAL Laboratory",Nintendo,1985,false
Pinball Quest,Tose,Jaleco,1990,false
Pipe Dream,Distinctive Software,Bullet-Proof Software,1990,false
Pirates!,Rare,"Ultra Games (NA)
Palcom Software (PAL)",1991,false
Platoon,Sunsoft,Sunsoft,1988,false
Popeye,Nintendo R&D1,Nintendo,1986,false
"Power Blade
Power Blazer (JP)",Natsume,Taito,1991,false
"Power Blade 2
Captain Saver (JP)",Natsume,Taito,1992,false
Power Punch II,Beam Software,American Softworks,1992,false
Predator,Pack-In-Video,"Pack-In-Video (JP)
Activision (NA/PAL)",1989,false
Prince of Persia,MotiveTime,"Virgin Games (NA)
Mindscape (PAL)",1992,false
"Princess Tomato in the Salad Kingdom
Salad no Kuni no Tomato Hime (JP)",Hudson Soft,Hudson Soft,1991,false
"Pro Sport Hockey
USA Ice Hockey in FC (JP)",Tose,Jaleco,1993,false
Pro Wrestling,Nintendo R&D3,Nintendo,1987,false
Punch-Out!! Featuring Mr. Dream,Nintendo R&D3,Nintendo,1990,true
"Puss 'n Boots: Pero's Great Adventure
Nagagutsu o Haita Neko: Sekai Isshū 80 Nichi Dai Bōken (JP)",Shouei System,"Toei Animation (JP)
Electro Brain (NA)",1990,false
Puzznic,Taito,"IGS (JP)
Taito (NA/PAL)",1990,false
Q*bert,Konami,Ultra Games,1989,false
Qix,Novotrade International,Taito,1991,false
"R.B.I. Baseball
Pro Yakyuu Family Stadium (JP)",Tengen,"Namco (JP)
Tengen (NA)",1988,true
R.C. Pro-Am,Rare,Nintendo,1988,false
R.C. Pro-Am II,Rare,Tradewest,1992,false
"Racket Attack
Moero!! Pro Tennis (JP)",Tose,Jaleco,1988,false
"Rad Racer
Highway Star (JP)",Square,Nintendo,1987,false
"Rad Racer II
Square Racing (JP)",Square,Square,1990,false
"Raid on Bungeling Bay
Bungeling Bay (JP)",Hudson Soft,"Hudson Soft (JP)
Brøderbund (NA)",1987,false
"Rainbow Islands
Rainbow Island: The Story of Bubble Bobble 2 (JP)",Taito,Taito,1991,false
"Rally Bike
Dash Yarou (JP)",Toaplan,"Visco (JP)
Romstar (NA)",1990,false
Rambo,Pack-In-Video,"Pack-In-Video (JP)
Acclaim Entertainment (NA)",1988,false
Rampage,Data East,Data East,1988,false
Rampart,Bitmasters,Jaleco,1992,false
Remote Control,Riedel Software Productions,Hi Tech Expressions,1990,false
"Renegade
Nekketsu Kouha Kunio Kun (JP)",Technōs Japan,"Technōs Japan (JP)
Taito (NA)",1988,false
"Rescue: The Embassy Mission
Hostages (JP)",Kemco,"Kemco (JP/PAL)
Kemco*Seika (NA)",1990,false
"Ring King
Family Boxing (JP)","Jastec
Neue Design","Namco (JP)
Data East (NA)",1987,false
"River City Ransom
Downtown Nekketsu Monogatari (JP)
Street Gangs (PAL)",Technōs Japan,"Technōs Japan (JP/NA)
Infogrames (PAL)",1990,false
RoadBlasters,Beam Software,Mindscape,1990,false
Robin Hood: Prince of Thieves,Sculptured Software,"Virgin Games (NA)
Mindscape (PAL)",1991,false
RoboCop,"Data East
Sakata SAS","Data East (JP/NA)
Ocean Software (PAL)",1989,false
RoboCop 2,Painting by Numbers,"Data East (JP/NA)
Ocean Software (PAL)",1991,false
RoboCop 3,Probe Software,Ocean Software,1992,false
"Robowarrior
Bomber King (JP)","Hudson Soft
Aicom","Hudson Soft (JP)
Jaleco (NA/PAL)",1988,false
"Rock 'n' Ball
Family Pinball (JP)",KID,"Namco (JP)
NTVIC (NA)",1990,false
Rocket Ranger,Beam Software,Kemco*Seika,1990,false
"Rockin' Kats
New York Nyankies (JP)",Atlus,Atlus,1991,false
Roger Clemens' MVP Baseball,Sculptured Software,LJN,1991,false
RollerGames,Konami,"Ultra Games (NA)
Konami (PAL)",1990,false
Rollerball,HAL Laboratory,"HAL Laboratory (JP/PAL)
HAL America (NA)",1990,false
Rollerblade Racer,Radiance,Hi Tech Expressions,1993,false
"Romance of the Three Kingdoms
San Goku Shi (JP)",Koei,Koei,1989,false
"Romance of the Three Kingdoms II
San Goku Shi II (JP)",Koei,Koei,1991,false
Roundball: 2 on 2 Challenge,Park Place Productions,Mindscape,1992,false
Rush'n Attack,Konami,Konami,1987,false
"Rygar
Argos no Senshi: Hachamecha Daishingeki (JP)",Tecmo,Tecmo,1987,false
"S.C.A.T.: Special Cybernetic Attack Team
Final Mission (JP)
Action in New York (PAL)",Natsume,"Natsume (JP/NA)
Infogrames (PAL)",1991,false
Section Z,Capcom,Capcom,1987,false
Seicross,Nichibutsu,"Nihon Bussan (JP)
FCI (NA)",1988,false
Sesame Street: 1-2-3,Zippo Games,Hi Tech Expressions,1989,false
Sesame Street: A-B-C,Zippo Games,Hi Tech Expressions,1989,false
Sesame Street: A-B-C/1-2-3,Zippo Games,Hi Tech Expressions,1991,true
Sesame Street: Big Bird's Hide & Speak,Riedel Software Productions,Hi Tech Expressions,1990,false
Sesame Street: Countdown,Riedel Software Productions,Hi Tech Expressions,1992,false
"Shadow of the Ninja
Kage (JP)
Blue Shadow (PAL)",Natsume,"Natsume (JP/NA)
Taito (PAL)",1990,false
Shadowgate,Kemco,"Kemco (JP/PAL)
Kemco*Seika (NA)",1989,false
"Shatterhand
Tokkyū Shirei Solbrain (JP)",Natsume,"Angel (JP)
Jaleco (NA/PAL)",1991,false
"Shingen the Ruler
Takeda Shingen II (JP)",Another,Hot-B,1990,false
Shooting Range,Tose,Bandai,1989,false
Short Order (part of Short Order / Eggsplode!),Tose,Nintendo,1989,false
Side Pocket,Data East,"Namco (JP)
Data East (NA/PAL)",1987,false
Silent Service,Rare,"Ultra Games (NA)
Konami (PAL)",1989,false
Silkworm,Sammy Japan,American Sammy,1990,false
Silver Surfer,Software Creations,Arcadia Systems,1990,false
Skate or Die 2: The Search for Double Trouble,Electronic Arts,Electronic Arts,1990,false
Skate or Die!,Konami,"Ultra Games (NA)
Palcom Software (PAL)",1988,false
Ski or Die,Konami,"Ultra Games (NA)
Palcom Software (PAL)",1991,false
Sky Kid,Namco,"Namco (JP)
Sunsoft (NA)",1987,false
Sky Shark,Software Creations,Taito,1989,false
Slalom,Rare,Nintendo,1987,false
Smash TV,Beam Software,Acclaim Entertainment,1991,false
Snake Rattle 'n' Roll,Rare,Nintendo,1990,false
Snake's Revenge,Konami,"Ultra Games (NA)
Konami (PAL)",1990,false
"Snoopy's Silly Sports Spectacular!
Donald Duck (JP)",Kemco,"Kemco (JP)
Kemco*Seika (NA)",1990,false
"Snow Brothers
Snow Bros. (JP)",Soft House,"Toaplan (JP)
Capcom (NA/PAL)",1991,false
Soccer,Intelligent Systems,Nintendo,1985,false
Solar Jetman: Hunt for the Golden Warpship,Zippo Games,"Tradewest (NA)
Nintendo (PAL)",1990,false
"Solomon's Key
Solomon no Kagi (JP)",Tecmo,Tecmo,1987,false
"Solstice: The Quest for the Staff of Demnos
Solstice (JP)",Software Creations,"Epic/Sony Records (JP)
CSG Imagesoft (NA)
Nintendo (PAL)",1990,false
Space Shuttle Project,Imagineering,Absolute Entertainment,1991,false
Spelunker,"Tamtex
Tose","Irem (JP)
Brøderbund (NA)",1987,false
Spider-Man: Return of the Sinister Six,Bits Studios,LJN,1992,false
"Spot: The Video Game
Spot (JP)",Virgin Mastertronic,"Bullet-Proof Software (JP)
Arcadia Systems (NA)",1990,false
Spy Hunter,Sunsoft,Sunsoft,1987,false
Spy vs. Spy,Kemco,"Kemco (JP/PAL)
Kemco*Seika (NA)",1988,false
Sqoon,Home Data,Irem,1987,false
"Stack-Up
Robot Block (JP)",Nintendo R&D1,Nintendo,1985,false
"Stadium Events
Family Trainer: Running Stadium (JP)",Human Entertainment,Bandai,1987,false
Stanley: The Search for Dr. Livingston,Sculptured Software,Electro Brain,1992,false
Star Force,Tecmo,Tecmo,1987,false
Star Soldier,Hudson Soft,"Hudson Soft (JP)
Taxan (NA)",1989,false
Star Trek: 25th Anniversary,Interplay Entertainment,"Ultra Games (NA)
Palcom Software (PAL)",1992,false
Star Trek: The Next Generation,Imagineering,Absolute Entertainment,1993,false
"Star Voyager
Cosmo Genesis (JP)",ASCII,"ASCII (JP)
Acclaim Entertainment (NA)",1987,false
Star Wars,"Lucasfilm Games
Beam Software",JVC Musical Industries,1991,false
"Star Wars: The Empire Strikes Back
Star Wars: Teikoku no Gyakushuu (JP)","Lucasfilm Games
Sculptured Software",JVC Musical Industries,1992,false
StarTropics,"Nintendo R&D3
Locomotive Corporation",Nintendo,1990,false
"Starship Hector
Hector '87 (JP)",Hudson Soft,Hudson Soft,1990,false
Stealth ATF,Imagineering,"Activision (NA)
Nintendo (PAL)",1989,false
"Stinger
Moero TwinBee (JP)",Konami,Konami,1987,false
"Street Cop
Family Trainer: Manhattan Police (JP)",Human Entertainment,Bandai,1989,false
"Street Fighter 2010: The Final Fight
2010 Street Fighter (JP)",Capcom,Capcom,1990,false
Strider,Capcom,Capcom,1989,false
"Super C
Super Contra (JP)
Probotector II: Return of The Evil Forces (PAL)",Konami,Konami,1990,false
Super Cars,Magnetic Fields,Electro Brain,1991,false
"Super Dodge Ball
Nekketsu Koukou Dodge Ball Bu (JP)",Technōs Japan,"Technōs Japan (JP)
CSG Imagesoft (NA)",1989,false
Super Glove Ball,Rare,Mattel,1990,false
Super Jeopardy!,Imagitec,GameTek,1991,false
Super Mario Bros.,Nintendo R&D4,Nintendo,1985,false
"Super Mario Bros. 2
Super Mario USA (JP)",Nintendo R&D4,Nintendo,1988,false
Super Mario Bros. 3,Nintendo R&D4,Nintendo,1990,false
Super Pitfall,Micronics,"Pony Canyon (JP)
Activision (NA)",1987,false
"Super Spike V'Ball
US Championship V'Ball (JP)",Technōs Japan,"Technōs Japan (JP)
Nintendo (NA/PAL)",1990,false
"Super Spy Hunter
Battle Formula (JP)",Sunsoft,Sunsoft,1992,false
"Super Team Games
Family Trainer: Daiundōkai (JP)",Human Entertainment,"Bandai (JP)
Nintendo (NA)",1988,false
Superman,Kemco,"Kemco (JP)
Kemco*Seika (NA)",1988,false
Swamp Thing,Imagineering,THQ,1992,false
Sword Master,Athena,"Athena (JP)
Activision (NA/PAL)",1992,false
Swords and Serpents,Interplay Entertainment,Acclaim Entertainment,1990,false
Taboo: The Sixth Sense,Rare,Tradewest,1989,false
"Tag Team Wrestling
Tag Team Pro Wrestling (JP)","Data East
Sakata SAS","Namco (JP)
Data East (NA)",1986,false
TaleSpin,Capcom,Capcom,1991,false
Target: Renegade,Software Creations,Taito,1990,false
Tecmo Baseball,Tecmo,Tecmo,1989,false
Tecmo Bowl,Tecmo,Tecmo,1989,false
"Tecmo Cup Soccer Game
Captain Tsubasa (JP)
Tecmo Cup: Football Game (PAL)",Tecmo,Tecmo,1992,false
Tecmo NBA Basketball,Sculptured Software,Tecmo,1992,false
Tecmo Super Bowl,Tecmo,Tecmo,1991,false
"Tecmo World Wrestling
Gekitou Pro Wrestling!! Toukon Densetsu (JP)",Tecmo,Tecmo,1990,false
"Teenage Mutant Ninja Turtles
Gekikame Ninja Den (JP)
Teenage Mutant Hero Turtles (PAL)",Konami,"Konami (JP)
Ultra Games (NA)
Palcom Software (PAL)",1989,false
"Teenage Mutant Ninja Turtles II: The Arcade Game
Teenage Mutant Ninja Turtles: Super Kame Ninja (JP)
Teenage Mutant Hero Turtles II: The Arcade Game (PAL)",Konami,"Konami (JP/PAL)
Ultra Games (NA)",1990,false
"Teenage Mutant Ninja Turtles III: The Manhattan Project
Teenage Mutant Ninja Turtles II: The Manhattan Project (JP)",Konami,Konami,1992,false
"Teenage Mutant Ninja Turtles: Tournament Fighters
Teenage Mutant Hero Turtles: Tournament Fighters (PAL)",Konami,Konami,1994,false
Tennis,"Nintendo R&D1
Intelligent Systems",Nintendo,1985,false
"Terminator 2: Judgment Day
Terminator 2 (JP)",Software Creations,"Pack-In-Video (JP)
LJN (NA/PAL)",1992,false
Terra Cresta,Nihon Bussan,"Nihon Bussan (JP)
Vic Tokai (NA)",1990,false
Tetris,Nintendo R&D1,"Bullet-Proof Software (JP)
Nintendo (NA/PAL)",1989,false
"Tetris 2
Tetris Flash (JP)",Tose,Nintendo,1993,false
The Addams Family,Ocean Software,Ocean Software,1992,false
The Addams Family: Pugsley's Scavenger Hunt,Enigma Variations,Ocean Software,1993,false
"The Adventures of Bayou Billy
Mad City (JP)",Konami,Konami,1989,false
The Adventures of Gilligan's Island,Human Entertainment,Bandai,1990,false
The Adventures of Rad Gravity,Interplay Productions,Activision,1990,false
The Adventures of Rocky and Bullwinkle and Friends,Radical Entertainment,THQ,1992,false
"The Battle of Olympus
Olympus no Tatakai (JP)",Infinity,"Imagineer (JP)
Brøderbund (NA)
Nintendo (PAL)",1989,false
"The Black Bass
The Black Bass 2 (JP)",Another,Hot-B,1989,false
The Blue Marlin,Hot-B,Hot-B,1992,false
The Blues Brothers,Titus Software,Titus Software,1992,false
"The Bugs Bunny Birthday Blowout
Happy Birthday Bugs (JP)
The Bugs Bunny Blowout (PAL)",Kemco,"Kemco (JP/PAL)
Kemco*Seika (NA)",1990,false
The Bugs Bunny Crazy Castle,Kemco,Kemco*Seika,1989,false
The Chessmaster,Software Toolworks,"Hi Tech Expressions (NA)
Nintendo (PAL)",1990,false
The Flintstones: Surprise at Dinosaur Peak,"Taito
Sol Corporation",Taito,1994,false
The Flintstones: The Rescue of Dino & Hoppy,"Taito
Sol Corporation",Taito,1991,false
"The Goonies II
The Goonies II: Fratelli Saigo no Chōsen (JP)",Konami,Konami,1987,false
The Great Waldo Search,Radiance,THQ,1992,false
"The Guardian Legend
Guardic Gaiden (JP)",Compile,"Irem (JP)
Brøderbund (NA)
Nintendo (PAL)",1989,false
The Hunt for Red October,Beam Software,Hi Tech Expressions,1991,false
The Immortal,Sandcastle,Electronic Arts,1990,false
The Incredible Crash Dummies,Software Creations,LJN,1994,false
The Jetsons: Cogswell's Caper!,Natsume,Taito,1992,false
The Jungle Book,Eurocom,Virgin Interactive Entertainment,1994,false
The Karate Kid,Atlus,LJN,1987,false
"The Krion Conquest
Magical Kids Doropi (JP)",Vic Tokai,Vic Tokai,1991,false
The Last Ninja,Beam Software,Jaleco,1991,false
The Last Starfighter,Eastridge Technology,Mindscape,1990,false
"The Legend of Kage
Kage no Densetsu (JP)",Taito,Taito,1987,false
"The Legend of Zelda
The Hyrule Fantasy: Zelda no Densetsu 1 (JP)",Nintendo R&D4,Nintendo,1987,false
"The Little Mermaid
The Little Mermaid: Ningyo Hime (JP)",Capcom,Capcom,1991,false
The Lone Ranger,Konami,Konami,1991,false
"The Mafat Conspiracy: Golgo 13
Golgo 13 II (JP)",Aicom,Vic Tokai,1990,false
"The Magic of Scheherazade
Arabian Dream Scheherazade (JP)",Culture Brain,Culture Brain,1990,false
The Miracle Piano Teaching System,Software Toolworks,"Software Toolworks (NA)
Mindscape (PAL)",1990,false
The Mutant Virus: Crisis in a Computer World,Rocket Science Productions,American Softworks,1992,false
The Punisher,Beam Software,LJN,1991,false
The Ren & Stimpy Show: Buckeroo$!,Imagineering,THQ,1993,false
The Rocketeer,Ironwind Software,Bandai,1991,false
The Simpsons: Bart vs. the Space Mutants,Imagineering,Acclaim Entertainment,1991,false
The Simpsons: Bart vs. the World,Imagineering,Acclaim Entertainment,1991,false
The Simpsons: Bartman Meets Radioactive Man,Imagineering,Acclaim Entertainment,1992,false
The Terminator,Radical Entertainment,Mindscape,1992,false
The Three Stooges,Beam Software,Activision,1989,false
The Uncanny X-Men,Pixel,LJN,1989,false
The Untouchables,Special FX Software,"Altron (JP)
Ocean Software (NA)",1991,false
The Young Indiana Jones Chronicles,Jaleco,Jaleco,1992,false
"Thunder & Lightning
Family Block (JP)",Visco Corporation,"Athena (JP)
Romstar (NA)",1990,false
Thunderbirds,Pack-In-Video,"Pack-In-Video (JP)
Activision (NA)",1990,false
Thundercade,Micronics,American Sammy,1989,false
Tiger-Heli,Micronics,"Pony Canyon (JP)
Acclaim Entertainment (NA)",1987,false
Time Lord,Rare,Milton Bradley Company,1990,false
Times of Lore,Toho,Toho,1991,false
Tiny Toon Adventures,Konami,Konami,1991,false
"Tiny Toon Adventures 2: Trouble in Wackyland
Tiny Toon Adventures 2: Montana Land e Yōkoso (JP)",Konami,Konami,1993,false
Tiny Toon Adventures Cartoon Workshop,Novotrade International,Konami,1992,false
To the Earth,Cirque Verte,Nintendo,1989,false
"Toki
JuJu Densetsu (JP)",Daiei Seisakusho,Taito,1991,false
Tom and Jerry,Software Creations,"Altron (JP)
Hi Tech Expressions (NA/PAL)",1991,false
"Tombs & Treasure
Taiyou no Shinden Asteka II (JP)",Compile,"Tokyo Shoseki (JP)
Infocom (NA)",1991,false
Top Gun,Konami,Konami,1987,false
"Top Gun: The Second Mission
Top Gun: Dual Fighters (JP)",Konami,Konami,1990,false
"Top Players' Tennis
World Super Tennis (JP)
Four Players' Tennis (PAL)",Home Data,"Asmik (JP/NA)
Nintendo (PAL)",1990,false
Total Recall,Interplay Entertainment,Acclaim Entertainment,1990,false
"Totally Rad
Magic John (JP)",Aicom,Jaleco,1991,false
"Touch Down Fever
Touch Down Fever: American Football (JP)",SNK,"K Amusement (JP)
SNK (NA)",1991,false
Town & Country II: Thrilla's Surfari,Sculptured Software,LJN,1992,false
Town & Country Surf Designs: Wood & Water Rage,Atlus,LJN,1988,false
Toxic Crusaders,Tose,Bandai,1992,false
"Track & Field
Hyper Olympic (JP)
Track & Field in Barcelona (PAL)",Konami,"Konami (JP/NA)
Kemco (PAL)",1987,false
"Track & Field II
Konami Sports in Seoul (JP)",Konami,Konami,1989,false
Treasure Master,Software Creations,American Softworks,1991,false
Trog!,Visual Concepts,Acclaim Entertainment,1991,false
"Trojan
Tatakai no Banka (JP)",Capcom,Capcom,1987,false
"Twin Cobra
Kyuukyoku Tiger (JP)",Micronics,"CBS Sony Group (JP)
American Sammy (NA)",1990,false
"Twin Eagle
Twin Eagle: Revenge Joe's Brother (JP)",SETA,Romstar,1989,false
"Ultima III: Exodus
Ultima (JP)",Newtopia Planning,"Pony Canyon (JP)
FCI (NA)",1989,false
"Ultima IV: Quest of the Avatar
Ultima: Seisha he no Michi (JP)","Atelier Double
Infinity","Pony Canyon (JP)
FCI (NA)",1990,false
Ultima V: Warriors of Destiny,Origin Systems,FCI,1993,false
"Ultimate Air Combat
Aces: Iron Eagle III (JP)",Activision,"Pack-In-Video (JP)
Activision (NA/PAL)",1992,false
"Ultimate Basketball
Taito Basketball (JP)",Aicom,"Taito (JP)
American Sammy (NA)",1990,false
"Uncharted Waters
Daikoukai Jidai (JP)",Koei,Koei,1991,false
"Uninvited
Akuma no Shoutaijou (JP)",Kemco,"Kemco (JP)
Kemco*Seika (NA)",1991,false
Urban Champion,Nintendo R&D1,Nintendo,1986,false
"Vegas Dream
Viva Las Vegas (JP)",HAL Laboratory,"Epic/Sony Records (JP)
HAL America (NA)",1990,false
"Vice: Project Doom
Gun-Dec (JP)",Aicom,"Sammy (JP)
American Sammy (NA)",1991,false
Videomation,FarSight Studios,THQ,1991,false
Volleyball,Pax Softnica,Nintendo,1987,false
"WCW Wrestling
Super Star Pro Wrestling (JP)",Nichibutsu,"Pony Canyon (JP)
FCI (NA)",1990,false
WWF King of the Ring,"Gray Matter
Eastridge Technology",LJN,1993,false
WWF WrestleMania,Rare,Acclaim Entertainment,1989,false
WWF WrestleMania Challenge,Rare,"Hot B (JP)
LJN (NA/PAL)",1990,false
WWF WrestleMania: Steel Cage Challenge,Sculptured Software,LJN,1992,false
"Wacky Races
Chiki Chiki Machine Mou Race (JP)",Atlus,Atlus,1992,false
"Wall Street Kid
Money Game II: Kabutochou no Kiseki (JP)",SOFEL,SOFEL,1990,false
"Wario's Woods
Wario no Mori (JP)",Nintendo R&D1,Nintendo,1994,false
Wayne Gretzky Hockey,Bethesda Softworks,THQ,1991,false
Wayne's World,Radical Entertainment,THQ,1993,false
"Werewolf: The Last Warrior
Choujinrou Senki Warwolf (JP)","Data East
Sakata SAS","Takara (JP)
Data East (NA/PAL)",1990,false
Wheel of Fortune,Rare,GameTek,1988,false
Wheel of Fortune Family Edition,Rare,GameTek,1990,false
Wheel of Fortune Junior Edition,Rare,GameTek,1989,false
Wheel of Fortune: Featuring Vanna White,Imagitec,GameTek,1992,false
Where in Time Is Carmen Sandiego?,Distinctive Software,Konami,1991,false
Where's Waldo?,Bethesda Softworks,THQ,1991,false
Who Framed Roger Rabbit,Rare,LJN,1989,false
"Whomp 'Em
Saiyuuki World 2 (JP)",Jaleco,Jaleco,1991,false
Widget,Graphic Research,Atlus,1992,false
Wild Gunman,"Nintendo R&D1
Intelligent Systems",Nintendo,1985,false
Willow,Capcom,Capcom,1989,false
"Win, Lose, or Draw",Riedel Software Productions,Hi Tech Expressions,1990,false
Winter Games,Atelier Double,Acclaim Entertainment,1987,false
"Wizardry II: The Knight of Diamonds
Wizardry II: Knight of Diamonds - The Second Scenario (JP)",Sir-Tech,ASCII,1992,false
Wizardry: Proving Grounds of the Mad Overlord,Sir-Tech,"ASCII (JP)
Nexoft (NA)",1990,false
"Wizards & Warriors
Densetsu no Kishi Elrond (JP)",Rare,"Jaleco (JP)
Acclaim Entertainment (NA/PAL)",1987,false
"Wizards & Warriors III: Kuros: Visions of Power
Wizards & Warriors III (PAL)",Zippo Games,Acclaim Entertainment,1992,false
Wolverine,Software Creations,LJN,1991,false
"World Champ
Great Boxing - Rush Up (JP)",Pixel,"Visco (JP)
Romstar (NA)
Taito (PAL)",1991,false
World Class Track Meet,Human Entertainment,Nintendo,1988,false
World Games,Software Creations,Milton Bradley Company,1989,false
"Wrath of the Black Manta
Ninja Cop Saizou (JP)",AI,"Kyugo (JP)
Taito (NA/PAL)",1990,false
Wrecking Crew,Nintendo R&D1,Nintendo,1985,false
"Wurm: Journey to the Center of the Earth
Chitei Senkou Bazolder (JP)",Cyclone System,"SOFEL (JP)
Asmik (NA)",1991,false
Xenophobe,Sunsoft,Sunsoft,1988,false
Xevious,Namco,"Namco (JP)
Bandai (NA/PAL)",1988,false
"Xexyz
Kame no Ongaeshi (JP)",Atlus,Hudson Soft,1990,false
"Yo! Noid
Kamen no Ninja Hamaru (JP)",Now Production,Capcom,1990,false
"Yoshi
Yoshi no Tamago (JP)
Mario & Yoshi (PAL)",Game Freak,Nintendo,1992,false
"Yoshi's Cookie
Yoshi no Cookie (JP)",Tose,Nintendo,1993,false
Zanac,Compile,FCI,1987,false
Zelda II: The Adventure of Link,Nintendo R&D4,Nintendo,1988,false
Zen the Intergalactic Ninja,Konami,Konami,1993,false
Zoda's Revenge: StarTropics II,"Nintendo R&D3
Locomotive Corporation",Nintendo,1994,false
"Zombie Nation
Abarenbou Tengu (JP)",KAZe,Meldac,1991,false
